{
  "start_time": 1764681608.4454584,
  "end_time": 1764681628.6463635,
  "duration": 20.200905323028564,
  "num_frames": 150,
  "frames_with_camera_data": 150,
  "mode": "bilateral_hybrid",
  "num_motors": 9,
  "num_cameras": 2,
  "motor_ids": [
    1,
    2,
    3,
    4,
    5,
    6,
    7,
    8,
    9
  ],
  "camera_ids": [
    0,
    3
  ],
  "recording_cameras": [
    0,
    3
  ]
}